{"TSLA": {"Timestamp": [1682523390], "Open": [160.2899932861328], "High": [160.6300048828125], "Low": [153.2100067138672], "Close": [155.1300048828125], "Volume": [75520157]}, "GLD": {"Timestamp": [1682523383], "Open": [186.6300048828125], "High": [186.64999389648438], "Low": [185.25], "Close": [185.51499938964844], "Volume": [3274744]}, "ASELS.IS": {"Timestamp": [1682521791], "Open": [49.79999923706055], "High": [50.150001525878906], "Low": [48.400001525878906], "Close": [48.439998626708984], "Volume": [30946226]}, "ETH-USD": {"Timestamp": [1682523240], "Open": [1864.8238525390625], "High": [1962.0753173828125], "Low": [1860.5718994140625], "Close": [1947.3623046875], "Volume": [11377521664]}, "CEEK-USD": {"Timestamp": [1682523120], "Open": [0.0780438780784607], "High": [0.08014453947544098], "Low": [0.07714849710464478], "Close": [0.0790758803486824], "Volume": [3343863]}}