{"TSLA": {"Timestamp": [1682452804], "Open": [159.82000732421875], "High": [163.47000122070312], "Low": [158.75], "Close": [160.6699981689453], "Volume": [119893238]}, "GLD": {"Timestamp": [1682452800], "Open": [184.83999633789062], "High": [186.22000122070312], "Low": [184.3000030517578], "Close": [185.75], "Volume": [8344522]}, "ASELS.IS": {"Timestamp": [1682435399], "Open": [51.5], "High": [51.95000076293945], "Low": [49.79999923706055], "Close": [49.900001525878906], "Volume": [16976966]}, "ETH-USD": {"Timestamp": [1682455800], "Open": [1842.74755859375], "High": [1862.712158203125], "Low": [1807.738525390625], "Close": [1862.712158203125], "Volume": [8095163392]}, "CEEK-USD": {"Timestamp": [1682455620], "Open": [0.07730460911989212], "High": [0.07744020223617554], "Low": [0.0759197250008583], "Close": [0.07744020223617554], "Volume": [2601379]}}