{"TSLA": {"Timestamp": [1683811800], "Open": [168.6999969482422], "High": [173.57000732421875], "Low": [166.7899932861328], "Close": [172.0800018310547], "Volume": [102533800]}, "GLD": {"Timestamp": [1683811800], "Open": [188.44000244140625], "High": [188.80999755859375], "Low": [186.86000061035156], "Close": [187.1300048828125], "Volume": [8238000]}, "ASELS.IS": {"Timestamp": [1683892113], "Open": [42.040000915527344], "High": [42.5], "Low": [40.31999969482422], "Close": [40.81999969482422], "Volume": [20007974]}, "ETH-USD": {"Timestamp": [1683892920], "Open": [1795.37158203125], "High": [1800.326904296875], "Low": [1742.51513671875], "Close": [1765.5677490234375], "Volume": [9570140160]}, "CEEK-USD": {"Timestamp": [1683892860], "Open": [0.06289820373058319], "High": [0.06293313205242157], "Low": [0.06130696088075638], "Close": [0.0625019297003746], "Volume": [7227897]}}