{"TSLA": {"Timestamp": [1683639000], "Open": [168.9499969482422], "High": [169.82000732421875], "Low": [166.55999755859375], "Close": [169.14999389648438], "Volume": [88804100]}, "GLD": {"Timestamp": [1683639000], "Open": [188.1199951171875], "High": [189.3300018310547], "Low": [188.07000732421875], "Close": [189.02000427246094], "Volume": [7097200]}, "ASELS.IS": {"Timestamp": [1683715261], "Open": [40.099998474121094], "High": [40.41999816894531], "Low": [39.34000015258789], "Close": [39.52000045776367], "Volume": [7351302]}, "ETH-USD": {"Timestamp": [1683716040], "Open": [1847.9403076171875], "High": [1857.16796875], "Low": [1836.24658203125], "Close": [1844.3333740234375], "Volume": [5884761600]}, "CEEK-USD": {"Timestamp": [1683715860], "Open": [0.06659382581710815], "High": [0.06676527112722397], "Low": [0.06602634489536285], "Close": [0.06604383885860443], "Volume": [3958018]}}