{"TSLA": {"Timestamp": [1683821584], "Open": [168.6999969482422], "High": [169.99989318847656], "Low": [166.7899932861328], "Close": [168.875], "Volume": [50838456]}, "GLD": {"Timestamp": [1683821581], "Open": [188.44000244140625], "High": [188.80999755859375], "Low": [186.86000061035156], "Close": [187.25], "Volume": [4511899]}, "ASELS.IS": {"Timestamp": [1683817796], "Open": [40.099998474121094], "High": [42.400001525878906], "Low": [39.0], "Close": [41.959999084472656], "Volume": [55628252]}, "ETH-USD": {"Timestamp": [1683821460], "Open": [1842.1552734375], "High": [1842.1552734375], "Low": [1794.4365234375], "Close": [1806.984619140625], "Volume": [10160322560]}, "CEEK-USD": {"Timestamp": [1683821460], "Open": [0.06689281016588211], "High": [0.06690922379493713], "Low": [0.062385834753513336], "Close": [0.06315656006336212], "Volume": [7149866]}}