{"TSLA": {"Timestamp": [1682517600], "Open": [160.2899932861328], "High": [160.6300048828125], "Low": [156.17999267578125], "Close": [156.17999267578125], "Volume": [23443911]}, "GLD": {"Timestamp": [1682517599], "Open": [186.6300048828125], "High": [186.64999389648438], "Low": [186.0050048828125], "Close": [186.15499877929688], "Volume": [1178936]}, "ASELS.IS": {"Timestamp": [1682516697], "Open": [49.79999923706055], "High": [50.150001525878906], "Low": [48.900001525878906], "Close": [49.119998931884766], "Volume": [22786719]}, "ETH-USD": {"Timestamp": [1682517420], "Open": [1864.8238525390625], "High": [1962.0753173828125], "Low": [1860.5718994140625], "Close": [1953.1705322265625], "Volume": [11429075968]}, "CEEK-USD": {"Timestamp": [1682517420], "Open": [0.0780438780784607], "High": [0.08014453947544098], "Low": [0.07714849710464478], "Close": [0.07919848710298538], "Volume": [2969263]}}
