{"TSLA": {"Timestamp": [1683725400], "Open": [172.5500030517578], "High": [174.42999267578125], "Low": [166.67999267578125], "Close": [168.5399932861328], "Volume": [119650600]}, "GLD": {"Timestamp": [1683725400], "Open": [188.97999572753906], "High": [189.63999938964844], "Low": [187.82000732421875], "Close": [188.75], "Volume": [9386800]}, "ASELS.IS": {"Timestamp": [1683806078], "Open": [40.099998474121094], "High": [41.560001373291016], "Low": [39.0], "Close": [41.18000030517578], "Volume": [32617706]}, "ETH-USD": {"Timestamp": [1683806880], "Open": [1842.1552734375], "High": [1842.1552734375], "Low": [1816.211181640625], "Close": [1828.6947021484375], "Volume": [10262668288]}, "CEEK-USD": {"Timestamp": [1683806760], "Open": [0.06689281016588211], "High": [0.06690922379493713], "Low": [0.06474417448043823], "Close": [0.06474417448043823], "Volume": [6768959]}}