{"TSLA": {"Timestamp": [1682688600], "Type": "EQUITY", "Open": [160.89999389648438], "High": [165.0], "Low": [157.32000732421875], "Close": [164.30999755859375], "Volume": [122351000]}, "GLD": {"Timestamp": [1682688600], "Type": "ETF", "Open": [184.7899932861328], "High": [185.3800048828125], "Low": [184.1699981689453], "Close": [184.8000030517578], "Volume": [6699800]}, "ASELS.IS": {"Timestamp": [1682663400], "Type": "EQUITY", "Open": [47.380001068115234], "High": [47.68000030517578], "Low": [44.040000915527344], "Close": [44.720001220703125], "Volume": [27795165]}, "ETH-USD": {"Timestamp": [1682886840], "Type": "CRYPTOCURRENCY", "Open": [1906.9041748046875], "High": [1934.910400390625], "Low": [1883.71826171875], "Close": [1893.112548828125], "Volume": [6187741184]}, "CEEK-USD": {"Timestamp": [1682886660], "Type": "CRYPTOCURRENCY", "Open": [0.07623154670000076], "High": [0.0762704536318779], "Low": [0.07422959059476852], "Close": [0.07460373640060425], "Volume": [7587404]}}