{"ASELS.IS": {"Timestamp": [1684391400], "Type": "EQUITY", "Open": [43.459999084472656], "High": [43.560001373291016], "Low": [41.52000045776367], "Close": [42.18000030517578], "Volume": [27379214]}, "CEEK-USD": {"Timestamp": [1684673760], "Type": "CRYPTOCURRENCY", "Open": [0.07297153770923615], "High": [0.07458719611167908], "Low": [0.07075557857751846], "Close": [0.07101374119520187], "Volume": [9760615]}, "TSLA": {"Timestamp": [1684503000], "Type": "EQUITY", "Open": [177.1699981689453], "High": [181.9499969482422], "Low": [176.30999755859375], "Close": [180.13999938964844], "Volume": [136024200]}, "GARAN.IS": {"Timestamp": [1684391400], "Type": "EQUITY", "Open": [26.31999969482422], "High": [26.600000381469727], "Low": [25.0], "Close": [25.0], "Volume": [67096707]}, "AKBNK.IS": {"Timestamp": [1684391400], "Type": "EQUITY", "Open": [15.609999656677246], "High": [15.739999771118164], "Low": [14.970000267028809], "Close": [14.979999542236328], "Volume": [169696694]}, "KCHOL.IS": {"Timestamp": [1684391400], "Type": "EQUITY", "Open": [81.3499984741211], "High": [81.6500015258789], "Low": [78.0], "Close": [78.0], "Volume": [34352575]}, "SISE.IS": {"Timestamp": [1684391400], "Type": "EQUITY", "Open": [38.900001525878906], "High": [39.31999969482422], "Low": [37.279998779296875], "Close": [37.380001068115234], "Volume": [35498052]}, "ULKER.IS": {"Timestamp": [1684391400], "Type": "EQUITY", "Open": [33.08000183105469], "High": [34.0], "Low": [32.70000076293945], "Close": [33.0], "Volume": [9962766]}, "ISCTR.IS": {"Timestamp": [1684391400], "Type": "EQUITY", "Open": [11.1899995803833], "High": [11.350000381469727], "Low": [10.760000228881836], "Close": [10.779999732971191], "Volume": [257072527]}, "TCELL.IS": {"Timestamp": [1684391400], "Type": "EQUITY", "Open": [33.79999923706055], "High": [34.040000915527344], "Low": [32.279998779296875], "Close": [32.31999969482422], "Volume": [27545319]}, "BIMAS.IS": {"Timestamp": [1684391400], "Type": "EQUITY", "Open": [148.89999389648438], "High": [149.6999969482422], "Low": [141.5], "Close": [141.6999969482422], "Volume": [7690038]}, "YKBNK.IS": {"Timestamp": [1684391400], "Type": "EQUITY", "Open": [9.369999885559082], "High": [9.510000228881836], "Low": [9.039999961853027], "Close": [9.100000381469727], "Volume": [227788076]}, "VAKBN.IS": {"Timestamp": [1684391400], "Type": "EQUITY", "Open": [8.609999656677246], "High": [8.75], "Low": [8.279999732971191], "Close": [8.390000343322754], "Volume": [36726009]}, "AAPL": {"Timestamp": [1684503000], "Type": "EQUITY", "Open": [176.38999938964844], "High": [176.38999938964844], "Low": [174.94000244140625], "Close": [175.16000366210938], "Volume": [55772400]}, "MSFT": {"Timestamp": [1684503000], "Type": "EQUITY", "Open": [316.739990234375], "High": [318.75], "Low": [316.3699951171875], "Close": [318.3399963378906], "Volume": [27529500]}, "AMZN": {"Timestamp": [1684503000], "Type": "EQUITY", "Open": [118.16000366210938], "High": [118.30999755859375], "Low": [115.69999694824219], "Close": [116.25], "Volume": [54990200]}, "GOOGL": {"Timestamp": [1684503000], "Type": "EQUITY", "Open": [123.55000305175781], "High": [125.97000122070312], "Low": [122.1500015258789], "Close": [122.76000213623047], "Volume": [41330300]}, "BRK-B": {"Timestamp": [1684503000], "Type": "EQUITY", "Open": [331.0], "High": [333.94000244140625], "Low": [329.1199951171875], "Close": [330.3900146484375], "Volume": [4322900]}, "V": {"Timestamp": [1684503000], "Type": "EQUITY", "Open": [234.0], "High": [234.33999633789062], "Low": [231.94000244140625], "Close": [233.30999755859375], "Volume": [5399100]}, "JNJ": {"Timestamp": [1684503000], "Type": "EQUITY", "Open": [158.58999633789062], "High": [159.92999267578125], "Low": [158.13999938964844], "Close": [158.91000366210938], "Volume": [6524000]}, "WMT": {"Timestamp": [1684503000], "Type": "EQUITY", "Open": [151.39999389648438], "High": [151.4600067138672], "Low": [149.11000061035156], "Close": [149.91000366210938], "Volume": [9195600]}, "NVDA": {"Timestamp": [1684503000], "Type": "EQUITY", "Open": [315.3599853515625], "High": [315.79998779296875], "Low": [309.1600036621094], "Close": [312.6400146484375], "Volume": [47312400]}, "GLD": {"Timestamp": [1684503000], "Type": "ETF", "Open": [182.25], "High": [184.33999633789062], "Low": [181.80999755859375], "Close": [183.63999938964844], "Volume": [8432300]}, "SLV": {"Timestamp": [1684503000], "Type": "ETF", "Open": [21.700000762939453], "High": [22.059999465942383], "Low": [21.579999923706055], "Close": [21.860000610351562], "Volume": [20535700]}, "USO": {"Timestamp": [1684503000], "Type": "ETF", "Open": [64.61000061035156], "High": [64.66000366210938], "Low": [63.25], "Close": [63.900001525878906], "Volume": [2489800]}, "UNG": {"Timestamp": [1684503000], "Type": "ETF", "Open": [7.610000133514404], "High": [7.71999979019165], "Low": [7.389999866485596], "Close": [7.460000038146973], "Volume": [21691700]}, "DBC": {"Timestamp": [1684503000], "Type": "ETF", "Open": [22.920000076293945], "High": [22.950000762939453], "Low": [22.65999984741211], "Close": [22.709999084472656], "Volume": [777800]}, "DBA": {"Timestamp": [1684503000], "Type": "ETF", "Open": [20.940000534057617], "High": [20.979999542236328], "Low": [20.760000228881836], "Close": [20.780000686645508], "Volume": [359000]}, "DBB": {"Timestamp": [1684503000], "Type": "ETF", "Open": [18.450000762939453], "High": [18.540000915527344], "Low": [18.3799991607666], "Close": [18.399999618530273], "Volume": [32600]}, "DBE": {"Timestamp": [1684503000], "Type": "ETF", "Open": [19.809999465942383], "High": [19.84000015258789], "Low": [19.440000534057617], "Close": [19.59000015258789], "Volume": [27200]}, "BTC-USD": {"Timestamp": [1684673820], "Type": "CRYPTOCURRENCY", "Open": [27102.9921875], "High": [27265.91796875], "Low": [26827.013671875], "Close": [26939.544921875], "Volume": [8280425472]}, "ETH-USD": {"Timestamp": [1684673820], "Type": "CRYPTOCURRENCY", "Open": [1818.4482421875], "High": [1827.8424072265625], "Low": [1809.0885009765625], "Close": [1814.0389404296875], "Volume": [3362969344]}, "BNB-USD": {"Timestamp": [1684673820], "Type": "CRYPTOCURRENCY", "Open": [310.56011962890625], "High": [311.5123291015625], "Low": [309.58843994140625], "Close": [309.7996826171875], "Volume": [308517216]}, "ADA-USD": {"Timestamp": [1684673820], "Type": "CRYPTOCURRENCY", "Open": [0.3662048876285553], "High": [0.3672252893447876], "Low": [0.36122071743011475], "Close": [0.36197859048843384], "Volume": [105685416]}, "XRP-USD": {"Timestamp": [1684673820], "Type": "CRYPTOCURRENCY", "Open": [0.4688224494457245], "High": [0.47058752179145813], "Low": [0.46562284231185913], "Close": [0.46592840552330017], "Volume": [434969056]}, "DOGE-USD": {"Timestamp": [1684673820], "Type": "CRYPTOCURRENCY", "Open": [0.07364580780267715], "High": [0.07397203147411346], "Low": [0.07322195172309875], "Close": [0.07326778024435043], "Volume": [124082264]}, "AVAX-USD": {"Timestamp": [1684673820], "Type": "CRYPTOCURRENCY", "Open": [14.62658405303955], "High": [14.677980422973633], "Low": [14.476717948913574], "Close": [14.498408317565918], "Volume": [66058024]}, "KO": {"Timestamp": [1684503000], "Type": "EQUITY", "Open": [63.040000915527344], "High": [63.099998474121094], "Low": [62.61000061035156], "Close": [62.83000183105469], "Volume": [14242100]}, "PEP": {"Timestamp": [1684503000], "Type": "EQUITY", "Open": [192.4600067138672], "High": [192.86000061035156], "Low": [191.10000610351562], "Close": [191.83999633789062], "Volume": [3883000]}, "MCD": {"Timestamp": [1684503000], "Type": "EQUITY", "Open": [293.8399963378906], "High": [296.0], "Low": [292.4700012207031], "Close": [295.54998779296875], "Volume": [2371200]}, "INTC": {"Timestamp": [1684503000], "Type": "EQUITY", "Open": [29.600000381469727], "High": [30.239999771118164], "Low": [29.5], "Close": [29.93000030517578], "Volume": [40668700]}, "DIS": {"Timestamp": [1684503000], "Type": "EQUITY", "Open": [93.0], "High": [93.0],