{"TSLA": {"Timestamp": [1683207000], "Open": [162.7100067138672], "High": [162.9499969482422], "Low": [159.64999389648438], "Close": [161.1999969482422], "Volume": [94914000]}, "GLD": {"Timestamp": [1683207000], "Open": [188.86000061035156], "High": [191.36000061035156], "Low": [188.80999755859375], "Close": [190.44000244140625], "Volume": [14136300]}, "ASELS.IS": {"Timestamp": [1683288699], "Open": [42.0], "High": [42.29999923706055], "Low": [41.060001373291016], "Close": [41.2599983215332], "Volume": [10649056]}, "ETH-USD": {"Timestamp": [1683289500], "Open": [1877.659423828125], "High": [1916.82373046875], "Low": [1877.4779052734375], "Close": [1911.732421875], "Volume": [6663381504]}, "CEEK-USD": {"Timestamp": [1683289260], "Open": [0.07945337146520615], "High": [0.07981929183006287], "Low": [0.07574984431266785], "Close": [0.07689092308282852], "Volume": [21496492]}}