{"TSLA": {"Timestamp": [1683552600], "Open": [173.72000122070312], "High": [173.8000030517578], "Low": [169.19000244140625], "Close": [171.7899932861328], "Volume": [112036500]}, "GLD": {"Timestamp": [1683552600], "Open": [187.82000732421875], "High": [188.6699981689453], "Low": [187.49000549316406], "Close": [187.69000244140625], "Volume": [6072400]}, "ASELS.IS": {"Timestamp": [1683636307], "Open": [41.63999938964844], "High": [42.31999969482422], "Low": [40.560001373291016], "Close": [40.84000015258789], "Volume": [22252748]}, "ETH-USD": {"Timestamp": [1683637080], "Open": [1848.5723876953125], "High": [1855.824951171875], "Low": [1833.4202880859375], "Close": [1848.03857421875], "Volume": [7908792320]}, "CEEK-USD": {"Timestamp": [1683636960], "Open": [0.06684190779924393], "High": [0.06741811335086823], "Low": [0.06633395701646805], "Close": [0.06667482852935791], "Volume": [4836417]}}

