{"TSLA": {"Timestamp": [1682608532], "Open": [152.63999938964844], "High": [156.64999389648438], "Low": [152.3699951171875], "Close": [156.625], "Volume": [52025874]}, "GLD": {"Timestamp": [1682608531], "Open": [183.89999389648438], "High": [184.58999633789062], "Low": [183.3800048828125], "Close": [184.4199981689453], "Volume": [4821269]}, "ASELS.IS": {"Timestamp": [1682607599], "Open": [48.400001525878906], "High": [49.15999984741211], "Low": [47.380001068115234], "Close": [47.47999954223633], "Volume": [29625467]}, "ETH-USD": {"Timestamp": [1682608380], "Open": [1864.7977294921875], "High": [1935.5482177734375], "Low": [1864.7977294921875], "Close": [1889.3973388671875], "Volume": [15096525824]}, "CEEK-USD": {"Timestamp": [1682608320], "Open": [0.07689370959997177], "High": [0.07958516478538513], "Low": [0.07666342705488205], "Close": [0.07673586159944534], "Volume": [3021536]}}