{"TSLA": {"Timestamp": [1682445237], "Open": [159.82000732421875], "High": [163.47000122070312], "Low": [158.75], "Close": [162.44500732421875], "Volume": [90740894]}, "GLD": {"Timestamp": [1682445235], "Open": [184.83999633789062], "High": [185.77000427246094], "Low": [184.3000030517578], "Close": [185.7698974609375], "Volume": [5281800]}, "ASELS.IS": {"Timestamp": [1682435399], "Open": [51.5], "High": [51.95000076293945], "Low": [49.79999923706055], "Close": [49.900001525878906], "Volume": [16976966]}, "ETH-USD": {"Timestamp": [1682445120], "Open": [1842.74755859375], "High": [1849.7674560546875], "Low": [1807.738525390625], "Close": [1833.98876953125], "Volume": [7769247232]}, "CEEK-USD": {"Timestamp": [1682444880], "Open": [0.07730460911989212], "High": [0.07730460911989212], "Low": [0.0759197250008583], "Close": [0.07628283649682999], "Volume": [2747396]}}