{"TSLA": {"Timestamp": [1683639000], "Open": [168.9499969482422], "High": [169.82000732421875], "Low": [166.55999755859375], "Close": [169.14999389648438], "Volume": [88804100]}, "GLD": {"Timestamp": [1683639000], "Open": [188.1199951171875], "High": [189.3300018310547], "Low": [188.07000732421875], "Close": [189.02000427246094], "Volume": [7097200]}, "ASELS.IS": {"Timestamp": [1683720834], "Open": [40.099998474121094], "High": [40.41999816894531], "Low": [39.34000015258789], "Close": [39.7400016784668], "Volume": [9352148]}, "ETH-USD": {"Timestamp": [1683721620], "Open": [1847.9403076171875], "High": [1857.16796875], "Low": [1836.24658203125], "Close": [1851.2115478515625], "Volume": [5908939776]}, "CEEK-USD": {"Timestamp": [1683721560], "Open": [0.06659382581710815], "High": [0.06676527112722397], "Low": [0.06602634489536285], "Close": [0.06646226346492767], "Volume": [3887061]}}
