{"TSLA": {"Timestamp": [1684243800], "Open": [165.64999389648438], "High": [169.52000427246094], "Low": [164.35000610351562], "Close": [166.52000427246094], "Volume": [96839500]}, "GLD": {"Timestamp": [1684243800], "Open": [186.5800018310547], "High": [186.82000732421875], "Low": [184.4600067138672], "Close": [184.8699951171875], "Volume": [9519500]}, "ASELS.IS": {"Timestamp": [1684316701], "Open": [42.880001068115234], "High": [44.119998931884766], "Low": [42.70000076293945], "Close": [43.7599983215332], "Volume": [23948201]}, "ETH-USD": {"Timestamp": [1684317420], "Open": [1823.19482421875], "High": [1835.5545654296875], "Low": [1804.1070556640625], "Close": [1807.06298828125], "Volume": [5344394240]}, "CEEK-USD": {"Timestamp": [1684317360], "Open": [0.06599445641040802], "High": [0.06697865575551987], "Low": [0.06573992222547531], "Close": [0.06697865575551987], "Volume": [4927159]}}