{"TSLA": {"Timestamp": [1683639000], "Open": [168.9499969482422], "High": [169.82000732421875], "Low": [166.55999755859375], "Close": [169.14999389648438], "Volume": [88804100]}, "GLD": {"Timestamp": [1683639000], "Open": [188.1199951171875], "High": [189.3300018310547], "Low": [188.07000732421875], "Close": [189.02000427246094], "Volume": [7097200]}, "ASELS.IS": {"Timestamp": [1683706489], "Open": [40.099998474121094], "High": [40.41999816894531], "Low": [39.459999084472656], "Close": [39.720001220703125], "Volume": [5086597]}, "ETH-USD": {"Timestamp": [1683707280], "Open": [1847.9403076171875], "High": [1857.16796875], "Low": [1836.962646484375], "Close": [1839.2982177734375], "Volume": [5874957824]}, "CEEK-USD": {"Timestamp": [1683707160], "Open": [0.06659382581710815], "High": [0.06676527112722397], "Low": [0.06619256734848022], "Close": [0.0662057027220726], "Volume": [4188417]}}