{"TSLA": {"Timestamp": [1683565199], "Open": [173.72000122070312], "High": [173.8000030517578], "Low": [169.19000244140625], "Close": [172.02999877929688], "Volume": [74678324]}, "GLD": {"Timestamp": [1683565175], "Open": [187.82000732421875], "High": [188.6699981689453], "Low": [187.49000549316406], "Close": [188.3699951171875], "Volume": [3713816]}, "ASELS.IS": {"Timestamp": [1683558594], "Open": [40.900001525878906], "High": [41.900001525878906], "Low": [40.2400016784668], "Close": [41.63999938964844], "Volume": [22133501]}, "ETH-USD": {"Timestamp": [1683565080], "Open": [1867.871337890625], "High": [1885.9576416015625], "Low": [1842.05322265625], "Close": [1860.8343505859375], "Volume": [9097075712]}, "CEEK-USD": {"Timestamp": [1683564960], "Open": [0.06976623833179474], "High": [0.07023672014474869], "Low": [0.06708759814500809], "Close": [0.06719605624675751], "Volume": [6610599]}}