{"TSLA": {"Timestamp": [1682688600], "Open": [160.89999389648438], "High": [165.0], "Low": [157.32000732421875], "Close": [164.30999755859375], "Volume": [122351000]}, "GLD": {"Timestamp": [1682688600], "Open": [184.7899932861328], "High": [185.3800048828125], "Low": [184.1699981689453], "Close": [184.8000030517578], "Volume": [6699800]}, "ASELS.IS": {"Timestamp": [1682663400], "Open": [47.380001068115234], "High": [47.68000030517578], "Low": [44.040000915527344], "Close": [44.720001220703125], "Volume": [27795165]}, "ETH-USD": {"Timestamp": [1682795460], "Open": [1892.5294189453125], "High": [1915.4454345703125], "Low": [1888.156982421875], "Close": [1899.42626953125], "Volume": [4922075648]}, "CEEK-USD": {"Timestamp": [1682795460], "Open": [0.07634782046079636], "High": [0.07785740494728088], "Low": [0.07589734345674515], "Close": [0.07601360976696014], "Volume": [4259388]}}