{"TSLA": {"Timestamp": [1683034200], "Open": [161.8800048828125], "High": [165.49000549316406], "Low": [158.92999267578125], "Close": [160.30999755859375], "Volume": [127994700]}, "GLD": {"Timestamp": [1683034200], "Open": [184.64999389648438], "High": [187.63999938964844], "Low": [184.52000427246094], "Close": [187.52000427246094], "Volume": [14680600]}, "ASELS.IS": {"Timestamp": [1683108062], "Open": [43.119998931884766], "High": [43.41999816894531], "Low": [40.91999816894531], "Close": [41.619998931884766], "Volume": [13518383]}, "ETH-USD": {"Timestamp": [1683108840], "Open": [1870.3984375], "High": [1871.4498291015625], "Low": [1858.8558349609375], "Close": [1869.37158203125], "Volume": [6988371968]}, "CEEK-USD": {"Timestamp": [1683108660], "Open": [0.0727594867348671], "High": [0.0728207677602768], "Low": [0.07181940227746964], "Close": [0.07193320244550705], "Volume": [6047888]}}