{"UNG": {"Timestamp": [1680701400, 1680787800, 1681133400, 1681219800, 1681306200, 1681392600, 1681479000, 1681738200, 1681824600, 1681911000, 1681997400, 1682083800, 1682343000, 1682429400, 1682515800, 1682602200, 1682688600, 1682947800, 1683034200, 1683120600, 1683207000, 1683293400, 1683552600, 1683639000, 1683725400, 1683811800, 1683898200, 1684157400, 1684243800, 1684351296], "Type": "ETF", "Open": [6.940000057220459, 6.739999771118164, 6.840000152587891, 6.920000076293945, 6.869999885559082, 6.570000171661377, 6.340000152587891, 7.139999866485596, 7.210000038146973, 7.019999980926514, 6.960000038146973, 7.039999961853027, 6.989999771118164, 7.090000152587891, 6.75, 6.860000133514404, 6.949999809265137, 6.929999828338623, 6.590000152587891, 6.289999961853027, 6.28000020980835, 6.199999809265137, 6.489999771118164, 6.630000114440918, 6.440000057220459, 6.46999979019165, 6.440000057220459, 6.840000152587891, 7.119999885559082, 6.800000190734863], "High": [6.940000057220459, 6.769999980926514, 7.039999961853027, 7.059999942779541, 6.949999809265137, 6.570000171661377, 6.739999771118164, 7.190000057220459, 7.380000114440918, 7.099999904632568, 7.110000133514404, 7.110000133514404, 7.260000228881836, 7.150000095367432, 6.789999961853027, 6.940000057220459, 7.090000152587891, 6.940000057220459, 6.590000152587891, 6.380000114440918, 6.289999961853027, 6.340000152587891, 6.570000171661377, 6.679999828338623, 6.53000020980835, 6.599999904632568, 6.829999923706055, 6.96999979019165, 7.190000057220459, 7.0], "Low": [6.690000057220459, 6.320000171661377, 6.769999980926514, 6.739999771118164, 6.570000171661377, 6.340000152587891, 6.269999980926514, 7.039999961853027, 7.079999923706055, 6.909999847412109, 6.760000228881836, 6.949999809265137, 6.960000038146973, 6.980000019073486, 6.650000095367432, 6.690000057220459, 6.869999885559082, 6.690000057220459, 6.389999866485596, 6.150000095367432, 6.099999904632568, 6.159999847412109, 6.369999885559082, 6.46999979019165, 6.320000171661377, 6.340000152587891, 6.409999847412109, 6.78000020980835, 6.849999904632568, 6.769999980926514], "Close": [6.789999961853027, 6.409999847412109, 6.849999904632568, 7.059999942779541, 6.650000095367432, 6.409999847412109, 6.690000057220459, 7.130000114440918, 7.349999904632568, 6.989999771118164, 7.019999980926514, 7.0, 7.190000057220459, 7.0, 6.760000228881836, 6.880000114440918, 7.010000228881836, 6.760000228881836, 6.489999771118164, 6.309999942779541, 6.110000133514404, 6.170000076293945, 6.53000020980835, 6.630000114440918, 6.400000095367432, 6.389999866485596, 6.639999866485596, 6.940000057220459, 6.860000133514404, 6.875], "Volume": [23042900, 35789400, 37534900, 21231000, 29421800, 29300000, 29563800, 33167600, 21286600, 27589500, 22602700, 17566500, 20784500, 18264100, 21653600, 16422400, 21747000, 16542200, 22864800, 26562700, 31324600, 22342700, 19426600, 13026900, 14894600, 12123000, 20157100, 20058500, 16576300, 12216287]}}