{"TSLA": {"Timestamp": [1683811800], "Open": [168.6999969482422], "High": [173.57000732421875], "Low": [166.7899932861328], "Close": [172.0800018310547], "Volume": [102533800]}, "GLD": {"Timestamp": [1683811800], "Open": [188.44000244140625], "High": [188.80999755859375], "Low": [186.86000061035156], "Close": [187.1300048828125], "Volume": [8238000]}, "ASELS.IS": {"Timestamp": [1683878707], "Open": [42.040000915527344], "High": [42.5], "Low": [40.900001525878906], "Close": [40.939998626708984], "Volume": [10221839]}, "ETH-USD": {"Timestamp": [1683879480], "Open": [1795.37158203125], "High": [1800.326904296875], "Low": [1742.51513671875], "Close": [1760.83642578125], "Volume": [9452549120]}, "CEEK-USD": {"Timestamp": [1683879360], "Open": [0.06289820373058319], "High": [0.06293313205242157], "Low": [0.06130696088075638], "Close": [0.06182048097252846], "Volume": [7152462]}}