{"TSLA": {"Timestamp": [1683748804], "Open": [172.5500030517578], "High": [174.42999267578125], "Low": [166.67999267578125], "Close": [168.5399932861328], "Volume": [119556152]}, "GLD": {"Timestamp": [1683748800], "Open": [188.97500610351562], "High": [189.63999938964844], "Low": [187.82989501953125], "Close": [188.75], "Volume": [9367651]}, "ASELS.IS": {"Timestamp": [1683731398], "Open": [40.099998474121094], "High": [40.41999816894531], "Low": [38.779998779296875], "Close": [39.02000045776367], "Volume": [16533112]}, "ETH-USD": {"Timestamp": [1683761700], "Open": [1847.9403076171875], "High": [1886.80029296875], "Low": [1802.1796875], "Close": [1840.114990234375], "Volume": [9924615168]}, "CEEK-USD": {"Timestamp": [1683761460], "Open": [0.06659382581710815], "High": [0.06764744222164154], "Low": [0.06515632569789886], "Close": [0.06674077361822128], "Volume": [5686081]}}