{"ASELS.IS": {"Timestamp": [1683904199], "Type": "EQUITY", "Open": [42.040000915527344], "High": [42.5], "Low": [40.31999969482422], "Close": [41.2599983215332], "Volume": [33385138]}, "CEEK-USD": {"Timestamp": [1683918360], "Type": "CRYPTOCURRENCY", "Open": [0.06289820373058319], "High": [0.06293313205242157], "Low": [0.06130696088075638], "Close": [0.06164708361029625], "Volume": [6021772]}, "TSLA": {"Timestamp": [1683918728], "Type": "EQUITY", "Open": [176.07000732421875], "High": [177.3800048828125], "Low": [167.41000366210938], "Close": [168.3699951171875], "Volume": [139121250]}, "GARAN.IS": {"Timestamp": [1683904164], "Type": "EQUITY", "Open": [32.47999954223633], "High": [33.65999984741211], "Low": [31.899999618530273], "Close": [33.099998474121094], "Volume": [87083754]}, "AKBNK.IS": {"Timestamp": [1683904189], "Type": "EQUITY", "Open": [19.229999542236328], "High": [19.760000228881836], "Low": [18.829999923706055], "Close": [19.290000915527344], "Volume": [219933901]}, "KCHOL.IS": {"Timestamp": [1683904186], "Type": "EQUITY", "Open": [98.94999694824219], "High": [102.0], "Low": [94.0999984741211], "Close": [96.8499984741211], "Volume": [57876617]}, "SISE.IS": {"Timestamp": [1683904199], "Type": "EQUITY", "Open": [40.599998474121094], "High": [41.47999954223633], "Low": [39.36000061035156], "Close": [39.86000061035156], "Volume": [78918388]}, "ULKER.IS": {"Timestamp": [1683904199], "Type": "EQUITY", "Open": [36.099998474121094], "High": [37.0], "Low": [34.29999923706055], "Close": [34.47999954223633], "Volume": [10699596]}, "ISCTR.IS": {"Timestamp": [1683904198], "Type": "EQUITY", "Open": [14.729999542236328], "High": [14.90999984741211], "Low": [13.970000267028809], "Close": [13.970000267028809], "Volume": [593819992]}, "TCELL.IS": {"Timestamp": [1683904165], "Type": "EQUITY", "Open": [35.97999954223633], "High": [36.34000015258789], "Low": [33.70000076293945], "Close": [34.5], "Volume": [40685398]}, "BIMAS.IS": {"Timestamp": [1683904184], "Type": "EQUITY", "Open": [177.6999969482422], "High": [190.1999969482422], "Low": [174.8000030517578], "Close": [177.3000030517578], "Volume": [10095871]}, "YKBNK.IS": {"Timestamp": [1683904198], "Type": "EQUITY", "Open": [11.899999618530273], "High": [12.319999694824219], "Low": [11.460000038146973], "Close": [11.630000114440918], "Volume": [353020652]}, "VAKBN.IS": {"Timestamp": [1683904193], "Type": "EQUITY", "Open": [9.220000267028809], "High": [9.699999809265137], "Low": [9.039999961853027], "Close": [9.15999984741211], "Volume": [118373669]}, "AAPL": {"Timestamp": [1683918731], "Type": "EQUITY", "Open": [173.6199951171875], "High": [174.05999755859375], "Low": [171.0], "Close": [171.7899932861328], "Volume": [33202910]}, "MSFT": {"Timestamp": [1683918729], "Type": "EQUITY", "Open": [310.54998779296875], "High": [310.44000244140625], "Low": [306.6001892089844], "Close": [307.9200134277344], "Volume": [14547440]}, "AMZN": {"Timestamp": [1683918732], "Type": "EQUITY", "Open": [112.16000366210938], "High": [112.63999938964844], "Low": [109.31999969482422], "Close": [109.74500274658203], "Volume": [37477537]}, "GOOGL": {"Timestamp": [1683918732], "Type": "EQUITY", "Open": [116.68000030517578], "High": [117.77999877929688], "Low": [116.11000061035156], "Close": [117.03500366210938], "Volume": [30625866]}, "BRK-B": {"Timestamp": [1683918725], "Type": "EQUITY", "Open": [323.82000732421875], "High": [324.2421875], "Low": [320.54998779296875], "Close": [321.4700012207031], "Volume": [1083143]}, "V": {"Timestamp": [1683918728], "Type": "EQUITY", "Open": [232.0], "High": [232.72999572753906], "Low": [229.82000732421875], "Close": [230.4199981689453], "Volume": [2386026]}, "JNJ": {"Timestamp": [1683918712], "Type": "EQUITY", "Open": [161.36000061035156], "High": [161.55999755859375], "Low": [160.02000427246094], "Close": [160.38999938964844], "Volume": [1864124]}, "WMT": {"Timestamp": [1683918726], "Type": "EQUITY", "Open": [153.60000610351562], "High": [154.07000732421875], "Low": [152.72000122070312], "Close": [153.1999969482422], "Volume": [3134321]}, "NVDA": {"Timestamp": [1683918734], "Type": "EQUITY", "Open": [285.2900085449219], "High": [287.7901916503906], "Low": [280.4599914550781], "Close": [282.239990234375], "Volume": [22932781]}, "GLD": {"Timestamp": [1683918724], "Type": "ETF", "Open": [187.42999267578125], "High": [187.9199981689453], "Low": [186.5800018310547], "Close": [186.94000244140625], "Volume": [6124469]}, "SLV": {"Timestamp": [1683918724], "Type": "ETF", "Open": [22.059999465942383], "High": [22.190000534057617], "Low": [21.90999984741211], "Close": [22.02359962463379], "Volume": [16708427]}, "USO": {"Timestamp": [1683918724], "Type": "ETF", "Open": [63.209999084472656], "High": [63.5], "Low": [61.939998626708984], "Close": [62.07899856567383], "Volume": [3198879]}, "UNG": {"Timestamp": [1683918722], "Type": "ETF", "Open": [6.440000057220459], "High": [6.829999923706055], "Low": [6.409999847412109], "Close": [6.659999847412109], "Volume": [18638223]}, "DBC": {"Timestamp": [1683918600], "Type": "ETF", "Open": [22.860000610351562], "High": [22.924999237060547], "Low": [22.649999618530273], "Close": [22.655000686645508], "Volume": [580701]}, "DBA": {"Timestamp": [1683918730], "Type": "ETF", "Open": [20.8700008392334], "High": [20.93000030517578], "Low": [20.7450008392334], "Close": [20.825000762939453], "Volume": [462928]}, "DBB": {"Timestamp": [1683917592], "Type": "ETF", "Open": [18.459999084472656], "High": [18.559900283813477], "Low": [18.309999465942383], "Close": [18.420000076293945], "Volume": [93865]}, "DBE": {"Timestamp": [1683918196], "Type": "ETF", "Open": [19.329999923706055], "High": [19.38990020751953], "Low": [19.03510093688965], "Close": [19.056800842285156], "Volume": [12991]}, "BTC-USD": {"Timestamp": [1683918600], "Type": "CRYPTOCURRENCY", "Open": [26990.1484375], "High": [27054.158203125], "Low": [26178.6171875], "Close": [26233.943359375], "Volume": [16818983936]}, "ETH-USD": {"Timestamp": [1683918600], "Type": "CRYPTOCURRENCY", "Open": [1795.37158203125], "High": [1800.326904296875], "Low": [1742.51513671875], "Close": [1766.72412109375], "Volume": [7833500672]}, "BNB-USD": {"Timestamp": [1683918600], "Type": "CRYPTOCURRENCY", "Open": [307.52203369140625], "High": [308.612060546875], "Low": [301.67401123046875], "Close": [305.0191955566406], "Volume": [470787360]}, "ADA-USD": {"Timestamp": [1683918600], "Type": "CRYPTOCURRENCY", "Open": [0.3597659170627594], "High": [0.36706680059432983], "Low": [0.35581251978874207], "Close": [0.35937994718551636], "Volume": [229149088]}, "XRP-USD": {"Timestamp": [1683918600], "Type": "CRYPTOCURRENCY", "Open": [0.42139899730682373], "High": [0.4391328990459442], "Low": [0.4177195131778717], "Close": [0.4220908582210541], "Volume": [1099642112]}, "DOGE-USD": {"Timestamp": [1683918600], "Type": "CRYPTOCURRENCY", "Open": [0.07190784811973572], "High": [0.07256653159856796], "Low": [0.06972692161798477], "Close": [0.07109683007001877], "Volume": [345951264]}, "AVAX-USD": {"Timestamp": [1683918600], "Type": "CRYPTOCURRENCY", "Open": [14.949387550354004], "High": [15.03850269317627], "Low": [14.693246841430664], "Close": [14.859206199645996], "Volume": [129505984]}, "KO": {"Timestamp": [1683918725], "Type": "EQUITY", "Open": [63.86000061035156], "High": [64.13999938964844], "Low": [63.70000076293945], "Close": [64.125], "Volume": [5044993]}, "PEP": {"Timestamp": [1683918737], "Type": "EQUITY", "Open": [195.33999633789062], "High": [196.0], "Low": [194.9499969482422], "Close": [195.66000366210938], "Volume": [1424280]}, "MCD": {"Timestamp": [1683918726], "Type": "EQUITY", "Open": [295.19000244140625], "High": [296.2699890136719], "Low": [294.30999755859375], "Close": [295.54998779296875], "Volume": [1134080]}, "INTC": {"Timestamp": [1683918736], "Type": "EQUITY", "Open": [29.024999618530273], "High": [29.100000381469727], "Low": [28.719999313354492], "Close": [28.829999923706055], "Volume": [15774630]}, "DIS": {"Timestamp": [1683918738],