{"TSLA": {"Timestamp": [1683034200], "Open": [161.8800048828125], "High": [165.49000549316406], "Low": [158.92999267578125], "Close": [160.30999755859375], "Volume": [127994700]}, "GLD": {"Timestamp": [1683034200], "Open": [184.64999389648438], "High": [187.63999938964844], "Low": [184.52000427246094], "Close": [187.52000427246094], "Volume": [14680600]}, "ASELS.IS": {"Timestamp": [1683109101], "Open": [43.119998931884766], "High": [43.41999816894531], "Low": [40.91999816894531], "Close": [41.36000061035156], "Volume": [14301888]}, "ETH-USD": {"Timestamp": [1683109860], "Open": [1870.3984375], "High": [1871.4498291015625], "Low": [1858.8558349609375], "Close": [1866.706787109375], "Volume": [6996399616]}, "CEEK-USD": {"Timestamp": [1683109860], "Open": [0.0727594867348671], "High": [0.0728207677602768], "Low": [0.07181940227746964], "Close": [0.07224704325199127], "Volume": [6124177]}}

