{"TSLA": {"Timestamp": [1683552600], "Open": [173.72000122070312], "High": [173.8000030517578], "Low": [169.19000244140625], "Close": [171.7899932861328], "Volume": [112036500]}, "GLD": {"Timestamp": [1683552600], "Open": [187.82000732421875], "High": [188.6699981689453], "Low": [187.49000549316406], "Close": [187.69000244140625], "Volume": [6072400]}, "ASELS.IS": {"Timestamp": [1683625520], "Open": [41.63999938964844], "High": [42.31999969482422], "Low": [41.040000915527344], "Close": [41.599998474121094], "Volume": [14553777]}, "ETH-USD": {"Timestamp": [1683626280], "Open": [1848.5723876953125], "High": [1855.824951171875], "Low": [1833.4202880859375], "Close": [1840.7291259765625], "Volume": [7981146112]}, "CEEK-USD": {"Timestamp": [1683626160], "Open": [0.06684190779924393], "High": [0.0672299712896347], "Low": [0.06633395701646805], "Close": [0.0672299712896347], "Volume": [5150106]}}