{"TSLA": {"Timestamp": [1683293400], "Open": [163.97000122070312], "High": [170.7899932861328], "Low": [163.50999450683594], "Close": [170.05999755859375], "Volume": [107440900]}, "GLD": {"Timestamp": [1683293400], "Open": [186.55999755859375], "High": [187.5800018310547], "Low": [185.77000427246094], "Close": [187.4600067138672], "Volume": [12507000]}, "ASELS.IS": {"Timestamp": [1683268200], "Open": [42.0], "High": [42.29999923706055], "Low": [40.15999984741211], "Close": [40.400001525878906], "Volume": [19074395]}, "ETH-USD": {"Timestamp": [1683479520], "Open": [1901.0579833984375], "High": [1933.9984130859375], "Low": [1892.46875], "Close": [1920.4171142578125], "Volume": [6780995584]}, "CEEK-USD": {"Timestamp": [1683479460], "Open": [0.07088010013103485], "High": [0.07161294668912888], "Low": [0.07031089067459106], "Close": [0.07086474448442459], "Volume": [4465807]}}