{"TSLA": {"Timestamp": [1682602200], "Open": [152.63999938964844], "High": [160.47999572753906], "Low": [152.3699951171875], "Close": [160.19000244140625], "Volume": [126502500]}, "GLD": {"Timestamp": [1682602200], "Open": [183.89999389648438], "High": [184.99000549316406], "Low": [183.3800048828125], "Close": [184.75], "Volume": [9106500]}, "ASELS.IS": {"Timestamp": [1682675503], "Open": [48.400001525878906], "High": [47.68000030517578], "Low": [46.20000076293945], "Close": [46.380001068115234], "Volume": [10794317]}, "ETH-USD": {"Timestamp": [1682676240], "Open": [1908.91015625], "High": [1922.1529541015625], "Low": [1903.9976806640625], "Close": [1908.1739501953125], "Volume": [11224025088]}, "CEEK-USD": {"Timestamp": [1682676120], "Open": [0.07725886255502701], "High": [0.07725886255502701], "Low": [0.07656322419643402], "Close": [0.0766499787569046], "Volume": [2775450]}}