{"TSLA": {"Timestamp": [1683293400], "Open": [163.97000122070312], "High": [170.7899932861328], "Low": [163.50999450683594], "Close": [170.05999755859375], "Volume": [107440900]}, "GLD": {"Timestamp": [1683293400], "Open": [186.55999755859375], "High": [187.5800018310547], "Low": [185.77000427246094], "Close": [187.4600067138672], "Volume": [12507000]}, "ASELS.IS": {"Timestamp": [1683268200], "Open": [42.0], "High": [42.29999923706055], "Low": [40.15999984741211], "Close": [40.400001525878906], "Volume": [19074395]}, "ETH-USD": {"Timestamp": [1683362220], "Open": [1997.6717529296875], "High": [2014.2489013671875], "Low": [1939.4935302734375], "Close": [1943.029296875], "Volume": [10485083136]}, "CEEK-USD": {"Timestamp": [1683362160], "Open": [0.07577059417963028], "High": [0.0761777013540268], "Low": [0.07332658022642136], "Close": [0.07365435361862183], "Volume": [13327981]}}