{"TSLA": {"Timestamp": [1682527093], "Open": [160.2899932861328], "High": [160.6300048828125], "Low": [153.2100067138672], "Close": [155.9001007080078], "Volume": [92609892]}, "GLD": {"Timestamp": [1682527085], "Open": [186.6300048828125], "High": [186.64999389648438], "Low": [184.5], "Close": [184.64999389648438], "Volume": [4881493]}, "ASELS.IS": {"Timestamp": [1682521791], "Open": [49.79999923706055], "High": [50.150001525878906], "Low": [48.400001525878906], "Close": [48.439998626708984], "Volume": [30946226]}, "ETH-USD": {"Timestamp": [1682526900], "Open": [1864.8238525390625], "High": [1962.0753173828125], "Low": [1860.5718994140625], "Close": [1949.725341796875], "Volume": [11529938944]}, "CEEK-USD": {"Timestamp": [1682526720], "Open": [0.0780438780784607], "High": [0.08014453947544098], "Low": [0.07714849710464478], "Close": [0.07954167574644089], "Volume": [3386736]}}