{"TSLA": {"Timestamp": [1682429400], "Open": [159.82000732421875], "High": [163.47000122070312], "Low": [158.75], "Close": [160.6699981689453], "Volume": [121439400]}, "GLD": {"Timestamp": [1682429400], "Open": [184.83999633789062], "High": [186.22000122070312], "Low": [184.3000030517578], "Close": [185.75], "Volume": [8426500]}, "ASELS.IS": {"Timestamp": [1682507199], "Open": [49.79999923706055], "High": [50.150001525878906], "Low": [49.279998779296875], "Close": [49.81999969482422], "Volume": [15632743]}, "ETH-USD": {"Timestamp": [1682507940], "Open": [1864.8238525390625], "High": [1919.724365234375], "Low": [1860.5718994140625], "Close": [1911.6534423828125], "Volume": [9899468800]}, "CEEK-USD": {"Timestamp": [1682507820], "Open": [0.0780438780784607], "High": [0.07895072549581528], "Low": [0.07714849710464478], "Close": [0.07887202501296997], "Volume": [2579675]}}