{"TSLA": {"Timestamp": [1683639000], "Open": [168.9499969482422], "High": [169.82000732421875], "Low": [166.55999755859375], "Close": [169.14999389648438], "Volume": [88804100]}, "GLD": {"Timestamp": [1683639000], "Open": [188.1199951171875], "High": [189.3300018310547], "Low": [188.07000732421875], "Close": [189.02000427246094], "Volume": [7097200]}, "ASELS.IS": {"Timestamp": [1683721712], "Open": [40.099998474121094], "High": [40.41999816894531], "Low": [39.34000015258789], "Close": [39.779998779296875], "Volume": [9624047]}, "ETH-USD": {"Timestamp": [1683722520], "Open": [1847.9403076171875], "High": [1871.8092041015625], "Low": [1836.24658203125], "Close": [1870.06787109375], "Volume": [6339315712]}, "CEEK-USD": {"Timestamp": [1683722460], "Open": [0.06659382581710815], "High": [0.06697983294725418], "Low": [0.06602634489536285], "Close": [0.06697983294725418], "Volume": [3981408]}}