{"ASELS.IS": {"Timestamp": [1684336197], "Type": "EQUITY", "Open": [42.880001068115234], "High": [44.119998931884766], "Low": [42.63999938964844], "Close": [43.279998779296875], "Volume": [45181491]}, "CEEK-USD": {"Timestamp": [1684343760], "Type": "CRYPTOCURRENCY", "Open": [0.06599445641040802], "High": [0.0681409165263176], "Low": [0.06533820927143097], "Close": [0.06551573425531387], "Volume": [6350526]}, "TSLA": {"Timestamp": [1684344151], "Type": "EQUITY", "Open": [168.41000366210938], "High": [173.99000549316406], "Low": [167.19000244140625], "Close": [173.3000030517578], "Volume": [89746469]}, "GARAN.IS": {"Timestamp": [1684336199], "Type": "EQUITY", "Open": [27.15999984741211], "High": [27.65999984741211], "Low": [26.1200008392334], "Close": [26.299999237060547], "Volume": [86174975]}, "AKBNK.IS": {"Timestamp": [1684336199], "Type": "EQUITY", "Open": [15.890000343322754], "High": [16.15999984741211], "Low": [15.420000076293945], "Close": [15.579999923706055], "Volume": [198445636]}, "KCHOL.IS": {"Timestamp": [1684336196], "Type": "EQUITY", "Open": [80.80000305175781], "High": [82.1500015258789], "Low": [79.80000305175781], "Close": [81.0999984741211], "Volume": [46257139]}, "SISE.IS": {"Timestamp": [1684336199], "Type": "EQUITY", "Open": [38.220001220703125], "High": [38.97999954223633], "Low": [37.939998626708984], "Close": [38.91999816894531], "Volume": [41520667]}, "ULKER.IS": {"Timestamp": [1684336125], "Type": "EQUITY", "Open": [32.459999084472656], "High": [33.5], "Low": [32.18000030517578], "Close": [33.08000183105469], "Volume": [7859478]}, "ISCTR.IS": {"Timestamp": [1684336185], "Type": "EQUITY", "Open": [11.460000038146973], "High": [11.569999694824219], "Low": [11.010000228881836], "Close": [11.180000305175781], "Volume": [388649147]}, "TCELL.IS": {"Timestamp": [1684336185], "Type": "EQUITY", "Open": [32.29999923706055], "High": [33.70000076293945], "Low": [32.18000030517578], "Close": [33.63999938964844], "Volume": [26323867]}, "BIMAS.IS": {"Timestamp": [1684336154], "Type": "EQUITY", "Open": [152.39999389648438], "High": [153.89999389648438], "Low": [145.6999969482422], "Close": [146.6999969482422], "Volume": [11183746]}, "YKBNK.IS": {"Timestamp": [1684336192], "Type": "EQUITY", "Open": [9.569999694824219], "High": [9.699999809265137], "Low": [9.239999771118164], "Close": [9.359999656677246], "Volume": [309305417]}, "VAKBN.IS": {"Timestamp": [1684336201], "Type": "EQUITY", "Open": [8.680000305175781], "High": [8.880000114440918], "Low": [8.5], "Close": [8.640000343322754], "Volume": [37908815]}, "AAPL": {"Timestamp": [1684344155], "Type": "EQUITY", "Open": [171.7100067138672], "High": [172.14999389648438], "Low": [170.4219970703125], "Close": [172.0449981689453], "Volume": [29155492]}, "MSFT": {"Timestamp": [1684344154], "Type": "EQUITY", "Open": [312.2900085449219], "High": [313.54998779296875], "Low": [310.739990234375], "Close": [313.510009765625], "Volume": [10771008]}, "AMZN": {"Timestamp": [1684344156], "Type": "EQUITY", "Open": [114.88999938964844], "High": [115.83000183105469], "Low": [114.2249984741211], "Close": [115.38999938964844], "Volume": [39153867]}, "GOOGL": {"Timestamp": [1684344156], "Type": "EQUITY", "Open": [119.61000061035156], "High": [120.88999938964844], "Low": [118.88999938964844], "Close": [120.87969970703125], "Volume": [15699612]}, "BRK-B": {"Timestamp": [1684344144], "Type": "EQUITY", "Open": [325.0199890136719], "High": [328.2099914550781], "Low": [324.8323974609375], "Close": [327.8399963378906], "Volume": [1144462]}, "V": {"Timestamp": [1684344155], "Type": "EQUITY", "Open": [232.72999572753906], "High": [233.8892059326172], "Low": [230.55999755859375], "Close": [232.97500610351562], "Volume": [1874937]}, "JNJ": {"Timestamp": [1684344156], "Type": "EQUITY", "Open": [159.7899932861328], "High": [160.0500030517578], "Low": [157.7716064453125], "Close": [158.75], "Volume": [3414027]}, "WMT": {"Timestamp": [1684344156], "Type": "EQUITY", "Open": [151.13999938964844], "High": [151.14999389648438], "Low": [148.7100067138672], "Close": [149.80499267578125], "Volume": [3897365]}, "NVDA": {"Timestamp": [1684344158], "Type": "EQUITY", "Open": [295.8399963378906], "High": [300.0], "Low": [294.3299865722656], "Close": [299.9700012207031], "Volume": [23777785]}, "GLD": {"Timestamp": [1684344151], "Type": "ETF", "Open": [184.30499267578125], "High": [184.4499969482422], "Low": [183.47999572753906], "Close": [184.00039672851562], "Volume": [3717894]}, "SLV": {"Timestamp": [1684344156], "Type": "ETF", "Open": [21.920000076293945], "High": [21.91990089416504], "Low": [21.614999771118164], "Close": [21.796199798583984], "Volume": [9904092]}, "USO": {"Timestamp": [1684344135], "Type": "ETF", "Open": [63.869998931884766], "High": [64.9845962524414], "Low": [63.0619010925293], "Close": [64.64009857177734], "Volume": [2702855]}, "UNG": {"Timestamp": [1684344157], "Type": "ETF", "Open": [6.800000190734863], "High": [6.980000019073486], "Low": [6.769999980926514], "Close": [6.949999809265137], "Volume": [9211632]}, "DBC": {"Timestamp": [1684344083], "Type": "ETF", "Open": [22.8799991607666], "High": [22.989999771118164], "Low": [22.739999771118164], "Close": [22.944499969482422], "Volume": [414247]}, "DBA": {"Timestamp": [1684344084], "Type": "ETF", "Open": [20.8700008392334], "High": [20.934999465942383], "Low": [20.719999313354492], "Close": [20.780099868774414], "Volume": [329861]}, "DBB": {"Timestamp": [1684344071], "Type": "ETF", "Open": [18.610000610351562], "High": [18.680599212646484], "Low": [18.565000534057617], "Close": [18.600000381469727], "Volume": [43314]}, "DBE": {"Timestamp": [1684344082], "Type": "ETF", "Open": [19.549999237060547], "High": [19.79010009765625], "Low": [19.459999084472656], "Close": [19.790000915527344], "Volume": [14388]}, "BTC-USD": {"Timestamp": [1684344000], "Type": "CRYPTOCURRENCY", "Open": [27023.728515625], "High": [27223.07421875], "Low": [26602.80859375], "Close": [26890.166015625], "Volume": [13121033216]}, "ETH-USD": {"Timestamp": [1684344000], "Type": "CRYPTOCURRENCY", "Open": [1823.19482421875], "High": [1835.5545654296875], "Low": [1786.6719970703125], "Close": [1803.572021484375], "Volume": [5675553280]}, "BNB-USD": {"Timestamp": [1684344000], "Type": "CRYPTOCURRENCY", "Open": [311.3604736328125], "High": [312.8362121582031], "Low": [307.6412048339844], "Close": [309.56097412109375], "Volume": [398544480]}, "ADA-USD": {"Timestamp": [1684344000], "Type": "CRYPTOCURRENCY", "Open": [0.368188738822937], "High": [0.3764268159866333], "Low": [0.36534860730171204], "Close": [0.3690144717693329], "Volume": [174356416]}, "XRP-USD": {"Timestamp": [1684344000], "Type": "CRYPTOCURRENCY", "Open": [0.44181180000305176], "High": [0.45953288674354553], "Low": [0.4391268789768219], "Close": [0.44078099727630615], "Volume": [1630254976]}, "DOGE-USD": {"Timestamp": [1684344000], "Type": "CRYPTOCURRENCY", "Open": [0.07275854051113129], "High": [0.07446124404668808], "Low": [0.07247068732976913], "Close": [0.07446124404668808], "Volume": [286815968]}, "AVAX-USD": {"Timestamp": [1684344000], "Type": "CRYPTOCURRENCY", "Open": [14.89312744140625], "High": [15.046055793762207], "Low": [14.693157196044922], "Close": [14.790863990783691], "Volume": [109626624]}, "KO": {"Timestamp": [1684344158], "Type": "EQUITY", "Open": [63.400001525878906], "High": [63.349998474121094], "Low": [62.73500061035156], "Close": [63.00859832763672], "Volume": [4555992]}, "PEP": {"Timestamp": [1684344156], "Type": "EQUITY", "Open": [193.30999755859375], "High": [193.5850067138672], "Low": [190.83999633789062], "Close": [191.80999755859375], "Volume": [1620274]}, "MCD": {"Timestamp": [1684344152], "Type": "EQUITY", "Open": [295.5199890136719], "High": [294.8450012207031], "Low": [292.6499938964844], "Close": [293.55499267578125], "Volume": [1056694]}, "INTC": {"Timestamp": [1684344154], "Type": "EQUITY", "Open": [29.520000457763672], "High": [29.549999237060547], "Low": [28.68000030517578], "Close": [29.05500030517578],