{"TSLA": {"Timestamp": [1684243800], "Open": [165.64999389648438], "High": [169.52000427246094], "Low": [164.35000610351562], "Close": [166.52000427246094], "Volume": [96839500]}, "GLD": {"Timestamp": [1684243800], "Open": [186.5800018310547], "High": [186.82000732421875], "Low": [184.4600067138672], "Close": [184.8699951171875], "Volume": [9519500]}, "ASELS.IS": {"Timestamp": [1684321923], "Open": [42.880001068115234], "High": [44.119998931884766], "Low": [42.70000076293945], "Close": [43.439998626708984], "Volume": [27544990]}, "ETH-USD": {"Timestamp": [1684322700], "Open": [1823.19482421875], "High": [1835.5545654296875], "Low": [1792.87548828125], "Close": [1794.906494140625], "Volume": [5400685568]}, "CEEK-USD": {"Timestamp": [1684322460], "Open": [0.06599445641040802], "High": [0.0681409165263176], "Low": [0.06573992222547531], "Close": [0.0670299232006073], "Volume": [5442688]}}