{"ASELS.IS": {"Timestamp": [1684393673], "Type": "EQUITY", "Open": [43.459999084472656], "High": [43.560001373291016], "Low": [43.20000076293945], "Close": [43.380001068115234], "Volume": [2403098]}, "CEEK-USD": {"Timestamp": [1684394160], "Type": "CRYPTOCURRENCY", "Open": [0.06681062281131744], "High": [0.0671127662062645], "Low": [0.06654632836580276], "Close": [0.06667563319206238], "Volume": [7668534]}, "TSLA": {"Timestamp": [1684330200], "Type": "EQUITY", "Open": [168.41000366210938], "High": [174.5], "Low": [167.19000244140625], "Close": [173.86000061035156], "Volume": [125269400]}, "GARAN.IS": {"Timestamp": [1684393675], "Type": "EQUITY", "Open": [26.31999969482422], "High": [26.420000076293945], "Low": [26.139999389648438], "Close": [26.360000610351562], "Volume": [5711429]}, "AKBNK.IS": {"Timestamp": [1684393675], "Type": "EQUITY", "Open": [15.609999656677246], "High": [15.670000076293945], "Low": [15.489999771118164], "Close": [15.619999885559082], "Volume": [12023820]}, "KCHOL.IS": {"Timestamp": [1684393675], "Type": "EQUITY", "Open": [81.3499984741211], "High": [81.44999694824219], "Low": [80.55000305175781], "Close": [80.9000015258789], "Volume": [1982856]}, "SISE.IS": {"Timestamp": [1684393676], "Type": "EQUITY", "Open": [38.900001525878906], "High": [38.97999954223633], "Low": [38.58000183105469], "Close": [38.68000030517578], "Volume": [2070122]}, "ULKER.IS": {"Timestamp": [1684393672], "Type": "EQUITY", "Open": [33.08000183105469], "High": [33.52000045776367], "Low": [33.040000915527344], "Close": [33.439998626708984], "Volume": [497132]}, "ISCTR.IS": {"Timestamp": [1684393676], "Type": "EQUITY", "Open": [11.1899995803833], "High": [11.289999961853027], "Low": [11.140000343322754], "Close": [11.260000228881836], "Volume": [18550480]}, "TCELL.IS": {"Timestamp": [1684393672], "Type": "EQUITY", "Open": [33.79999923706055], "High": [33.79999923706055], "Low": [33.34000015258789], "Close": [33.47999954223633], "Volume": [1306052]}, "BIMAS.IS": {"Timestamp": [1684393675], "Type": "EQUITY", "Open": [148.89999389648438], "High": [149.60000610351562], "Low": [148.10000610351562], "Close": [148.1999969482422], "Volume": [876289]}, "YKBNK.IS": {"Timestamp": [1684393677], "Type": "EQUITY", "Open": [9.369999885559082], "High": [9.430000305175781], "Low": [9.319999694824219], "Close": [9.399999618530273], "Volume": [14961444]}, "VAKBN.IS": {"Timestamp": [1684393676], "Type": "EQUITY", "Open": [8.609999656677246], "High": [8.649999618530273], "Low": [8.5600004196167], "Close": [8.640000343322754], "Volume": [2237839]}, "AAPL": {"Timestamp": [1684330200], "Type": "EQUITY", "Open": [171.7100067138672], "High": [172.92999267578125], "Low": [170.4199981689453], "Close": [172.69000244140625], "Volume": [57913300]}, "MSFT": {"Timestamp": [1684330200], "Type": "EQUITY", "Open": [312.2900085449219], "High": [314.42999267578125], "Low": [310.739990234375], "Close": [314.0], "Volume": [24303800]}, "AMZN": {"Timestamp": [1684330200], "Type": "EQUITY", "Open": [114.88999938964844], "High": [115.83000183105469], "Low": [114.22000122070312], "Close": [115.5], "Volume": [65591800]}, "GOOGL": {"Timestamp": [1684330200], "Type": "EQUITY", "Open": [119.61000061035156], "High": [121.66999816894531], "Low": [118.88999938964844], "Close": [120.83999633789062], "Volume": [33305500]}, "BRK-B": {"Timestamp": [1684330200], "Type": "EQUITY", "Open": [325.0199890136719], "High": [328.260009765625], "Low": [324.82000732421875], "Close": [327.3900146484375], "Volume": [3046800]}, "V": {"Timestamp": [1684330200], "Type": "EQUITY", "Open": [232.72999572753906], "High": [233.88999938964844], "Low": [230.5500030517578], "Close": [232.64999389648438], "Volume": [4990100]}, "JNJ": {"Timestamp": [1684330200], "Type": "EQUITY", "Open": [159.7899932861328], "High": [160.05999755859375], "Low": [157.77000427246094], "Close": [158.99000549316406], "Volume": [6840400]}, "WMT": {"Timestamp": [1684330200], "Type": "EQUITY", "Open": [151.13999938964844], "High": [151.14999389648438], "Low": [148.7100067138672], "Close": [149.52999877929688], "Volume": [8975200]}, "NVDA": {"Timestamp": [1684330200], "Type": "EQUITY", "Open": [295.8399963378906], "High": [301.989990234375], "Low": [294.29998779296875], "Close": [301.7799987792969], "Volume": [43117900]}, "GLD": {"Timestamp": [1684330200], "Type": "ETF", "Open": [184.30999755859375], "High": [184.4499969482422], "Low": [183.47999572753906], "Close": [184.22999572753906], "Volume": [7472500]}, "SLV": {"Timestamp": [1684330200], "Type": "ETF", "Open": [21.920000076293945], "High": [21.920000076293945], "Low": [21.6200008392334], "Close": [21.81999969482422], "Volume": [14585700]}, "USO": {"Timestamp": [1684330200], "Type": "ETF", "Open": [63.869998931884766], "High": [64.98999786376953], "Low": [63.060001373291016], "Close": [64.5999984741211], "Volume": [4273000]}, "UNG": {"Timestamp": [1684330200], "Type": "ETF", "Open": [6.800000190734863], "High": [7.0], "Low": [6.769999980926514], "Close": [6.900000095367432], "Volume": [13151500]}, "DBC": {"Timestamp": [1684330200], "Type": "ETF", "Open": [22.8799991607666], "High": [23.0], "Low": [22.729999542236328], "Close": [22.950000762939453], "Volume": [816400]}, "DBA": {"Timestamp": [1684330200], "Type": "ETF", "Open": [20.8700008392334], "High": [20.940000534057617], "Low": [20.719999313354492], "Close": [20.780000686645508], "Volume": [465000]}, "DBB": {"Timestamp": [1684330200], "Type": "ETF", "Open": [18.610000610351562], "High": [18.68000030517578], "Low": [18.540000915527344], "Close": [18.56999969482422], "Volume": [55800]}, "DBE": {"Timestamp": [1684330200], "Type": "ETF", "Open": [19.549999237060547], "High": [19.84000015258789], "Low": [19.459999084472656], "Close": [19.829999923706055], "Volume": [28000]}, "BTC-USD": {"Timestamp": [1684394400], "Type": "CRYPTOCURRENCY", "Open": [27391.4296875], "High": [27456.62109375], "Low": [27182.939453125], "Close": [27221.767578125], "Volume": [15067372544]}, "ETH-USD": {"Timestamp": [1684394400], "Type": "CRYPTOCURRENCY", "Open": [1821.2764892578125], "High": [1827.710205078125], "Low": [1817.297607421875], "Close": [1819.37353515625], "Volume": [6254359552]}, "BNB-USD": {"Timestamp": [1684394400], "Type": "CRYPTOCURRENCY", "Open": [314.0090026855469], "High": [314.66131591796875], "Low": [312.5884094238281], "Close": [312.86065673828125], "Volume": [430207136]}, "ADA-USD": {"Timestamp": [1684394400], "Type": "CRYPTOCURRENCY", "Open": [0.3754018545150757], "High": [0.3787497282028198], "Low": [0.3743157982826233], "Close": [0.3758719563484192], "Volume": [205476816]}, "XRP-USD": {"Timestamp": [1684394400], "Type": "CRYPTOCURRENCY", "Open": [0.44769710302352905], "High": [0.4493617117404938], "Low": [0.4438612461090088], "Close": [0.446275532245636], "Volume": [1066269184]}, "DOGE-USD": {"Timestamp": [1684394400], "Type": "CRYPTOCURRENCY", "Open": [0.07480057328939438], "High": [0.07485386729240417], "Low": [0.07379160076379776], "Close": [0.0738438069820404], "Volume": [331901120]}, "AVAX-USD": {"Timestamp": [1684394400], "Type": "CRYPTOCURRENCY", "Open": [15.15720272064209], "High": [15.160810470581055], "Low": [14.982470512390137], "Close": [14.989620208740234], "Volume": [129792352]}, "KO": {"Timestamp": [1684330200], "Type": "EQUITY", "Open": [63.400001525878906], "High": [63.41999816894531], "Low": [62.72999954223633], "Close": [63.150001525878906], "Volume": [11580700]}, "PEP": {"Timestamp": [1684330200], "Type": "EQUITY", "Open": [193.30999755859375], "High": [193.58999633789062], "Low": [190.83999633789062], "Close": [192.05999755859375], "Volume": [4878800]}, "MCD": {"Timestamp": [1684330200], "Type": "EQUITY", "Open": [295.5199890136719], "High": [295.5199890136719], "Low": [292.6499938964844], "Close": [293.4599914550781], "Volume": [2802100]}, "INTC": {"Timestamp": [1684330200], "Type": "EQUITY", "Open": [29.520000457763672], "High": [29.559999465942383], "Low": [28.68000030517578], "Close": [28.8700008392334], "Volume": [41642600]},