{"TSLA": {"Timestamp": [1683725400], "Open": [172.5500030517578], "High": [174.42999267578125], "Low": [166.67999267578125], "Close": [168.5399932861328], "Volume": [119650600]}, "GLD": {"Timestamp": [1683725400], "Open": [188.97999572753906], "High": [189.63999938964844], "Low": [187.82000732421875], "Close": [188.75], "Volume": [9386800]}, "ASELS.IS": {"Timestamp": [1683794699], "Open": [40.099998474121094], "High": [40.380001068115234], "Low": [39.0], "Close": [40.08000183105469], "Volume": [9972747]}, "ETH-USD": {"Timestamp": [1683795480], "Open": [1842.1552734375], "High": [1842.1552734375], "Low": [1816.211181640625], "Close": [1819.7796630859375], "Volume": [10470677504]}, "CEEK-USD": {"Timestamp": [1683795360], "Open": [0.06689281016588211], "High": [0.06690922379493713], "Low": [0.06497082859277725], "Close": [0.06532581895589828], "Volume": [6506690]}}