{"TSLA": {"Timestamp": [1682525818], "Open": [160.2899932861328], "High": [160.6300048828125], "Low": [153.2100067138672], "Close": [155.27000427246094], "Volume": [87321435]}, "GLD": {"Timestamp": [1682525811], "Open": [186.6300048828125], "High": [186.64999389648438], "Low": [184.8000030517578], "Close": [184.9199981689453], "Volume": [4384632]}, "ASELS.IS": {"Timestamp": [1682521791], "Open": [49.79999923706055], "High": [50.150001525878906], "Low": [48.400001525878906], "Close": [48.439998626708984], "Volume": [30946226]}, "ETH-USD": {"Timestamp": [1682525640], "Open": [1864.8238525390625], "High": [1962.0753173828125], "Low": [1860.5718994140625], "Close": [1955.660400390625], "Volume": [11466905600]}, "CEEK-USD": {"Timestamp": [1682525520], "Open": [0.0780438780784607], "High": [0.08014453947544098], "Low": [0.07714849710464478], "Close": [0.07972552627325058], "Volume": [3513839]}}